measure,location,sex,age,cause,rei,metric,year,val,upper,lower
Deaths,Low SDI,Both,Age-standardized,Chronic kidney disease,Diet high in sodium,Rate,1990,1.502626952,4.396348279,0.126507085
Deaths,Low-middle SDI,Both,Age-standardized,Stomach cancer,Diet high in sodium,Rate,2019,0.789162622,3.251162542,0.023252376
Deaths,High-middle SDI,Both,Age-standardized,Chronic kidney disease,Diet high in sodium,Rate,2019,0.929440782,2.034764016,0.263091973
Deaths,Global,Both,Age-standardized,Cardiovascular diseases,Diet high in sodium,Rate,2019,21.51114729,47.19928869,5.584846432
Deaths,Global,Both,Age-standardized,Stomach cancer,Diet high in sodium,Rate,1990,1.571355748,6.263517008,0.045485056
Deaths,Middle SDI,Both,Age-standardized,Chronic kidney disease,Diet high in sodium,Rate,2019,1.743375644,3.974632413,0.397874248
Deaths,Middle SDI,Both,Age-standardized,Cardiovascular diseases,Diet high in sodium,Rate,1990,47.01244485,90.09112217,16.48812752
Deaths,High-middle SDI,Both,Age-standardized,Cardiovascular diseases,Diet high in sodium,Rate,1990,43.08069731,86.11436368,14.84959657
Deaths,Global,Both,Age-standardized,Cardiovascular diseases,Diet high in sodium,Rate,1990,33.16270003,69.96324409,10.3875597
Deaths,Low-middle SDI,Both,Age-standardized,Stomach cancer,Diet high in sodium,Rate,1990,1.091307929,4.474314072,0.031755409
Deaths,Global,Both,Age-standardized,Chronic kidney disease,Diet high in sodium,Rate,1990,1.17799539,2.600117205,0.320925797
Deaths,High-middle SDI,Both,Age-standardized,Chronic kidney disease,Diet high in sodium,Rate,1990,1.003576126,2.039656893,0.338237236
Deaths,Middle SDI,Both,Age-standardized,Chronic kidney disease,Diet high in sodium,Rate,1990,1.84763758,3.780953655,0.562362275
Deaths,High-middle SDI,Both,Age-standardized,Stomach cancer,Diet high in sodium,Rate,1990,1.992141689,7.969734725,0.05887535
Deaths,Global,Both,Age-standardized,Chronic kidney disease,Diet high in sodium,Rate,2019,1.209647569,2.926301492,0.245525556
Deaths,Low-middle SDI,Both,Age-standardized,Cardiovascular diseases,Diet high in sodium,Rate,2019,20.94586578,51.83811513,3.472957629
Deaths,Low-middle SDI,Both,Age-standardized,Cardiovascular diseases,Diet high in sodium,Rate,1990,26.50810905,64.02847375,5.431378328
Deaths,High SDI,Both,Age-standardized,Stomach cancer,Diet high in sodium,Rate,1990,1.079195359,4.443054105,0.033187387
Deaths,Low-middle SDI,Both,Age-standardized,Chronic kidney disease,Diet high in sodium,Rate,2019,1.363355203,3.47333499,0.195163187
Deaths,Low-middle SDI,Both,Age-standardized,Chronic kidney disease,Diet high in sodium,Rate,1990,1.302670284,3.263333966,0.247940741
Deaths,Low SDI,Both,Age-standardized,Chronic kidney disease,Diet high in sodium,Rate,2019,1.309285962,3.93718184,0.083400333
Deaths,High SDI,Both,Age-standardized,Stomach cancer,Diet high in sodium,Rate,2019,0.528002576,2.17385293,0.015426161
Deaths,Middle SDI,Both,Age-standardized,Cardiovascular diseases,Diet high in sodium,Rate,2019,30.61896212,62.04291389,8.848645169
Deaths,High SDI,Both,Age-standardized,Chronic kidney disease,Diet high in sodium,Rate,2019,0.67160829,1.851504717,0.081517839
Deaths,High SDI,Both,Age-standardized,Cardiovascular diseases,Diet high in sodium,Rate,1990,16.77041946,42.12653037,3.598260396
Deaths,Middle SDI,Both,Age-standardized,Stomach cancer,Diet high in sodium,Rate,2019,1.191301367,4.609938874,0.031662096
Deaths,High SDI,Both,Age-standardized,Cardiovascular diseases,Diet high in sodium,Rate,2019,7.496176502,19.74522208,1.140702069
Deaths,Low SDI,Both,Age-standardized,Stomach cancer,Diet high in sodium,Rate,1990,0.749326692,3.367279407,0.028087903
Deaths,Low SDI,Both,Age-standardized,Stomach cancer,Diet high in sodium,Rate,2019,0.538007252,2.450055473,0.020902446
Deaths,Low SDI,Both,Age-standardized,Cardiovascular diseases,Diet high in sodium,Rate,1990,22.66789697,63.33928881,1.749099555
Deaths,Low SDI,Both,Age-standardized,Cardiovascular diseases,Diet high in sodium,Rate,2019,17.32030235,50.93221008,1.01936306
Deaths,High SDI,Both,Age-standardized,Chronic kidney disease,Diet high in sodium,Rate,1990,0.621009549,1.500866368,0.138134341
Deaths,High-middle SDI,Both,Age-standardized,Stomach cancer,Diet high in sodium,Rate,2019,1.083608576,4.24533125,0.03079846
Deaths,Middle SDI,Both,Age-standardized,Stomach cancer,Diet high in sodium,Rate,1990,2.08666448,7.953739426,0.053570238
Deaths,Global,Both,Age-standardized,Stomach cancer,Diet high in sodium,Rate,2019,0.916644502,3.639910594,0.026314437
Deaths,High-middle SDI,Both,Age-standardized,Cardiovascular diseases,Diet high in sodium,Rate,2019,25.79423483,52.52373513,7.844285201
DALYs (Disability-Adjusted Life Years),High-middle SDI,Both,Age-standardized,Cardiovascular diseases,Diet high in sodium,Rate,2019,568.6062926,1075.701573,203.3126793
DALYs (Disability-Adjusted Life Years),Low SDI,Both,Age-standardized,Chronic kidney disease,Diet high in sodium,Rate,1990,32.67645775,95.25377077,2.734885197
DALYs (Disability-Adjusted Life Years),Global,Both,Age-standardized,Cardiovascular diseases,Diet high in sodium,Rate,1990,756.6560714,1495.596532,262.0329129
DALYs (Disability-Adjusted Life Years),High-middle SDI,Both,Age-standardized,Chronic kidney disease,Diet high in sodium,Rate,1990,28.67680451,55.24543126,11.24927533
DALYs (Disability-Adjusted Life Years),Global,Both,Age-standardized,Stomach cancer,Diet high in sodium,Rate,1990,38.52215473,152.394689,1.076798304
DALYs (Disability-Adjusted Life Years),Low-middle SDI,Both,Age-standardized,Stomach cancer,Diet high in sodium,Rate,2019,19.27537522,78.31339969,0.554648841
DALYs (Disability-Adjusted Life Years),Global,Both,Age-standardized,Stomach cancer,Diet high in sodium,Rate,2019,20.91482892,82.11197958,0.587549472
DALYs (Disability-Adjusted Life Years),Middle SDI,Both,Age-standardized,Stomach cancer,Diet high in sodium,Rate,1990,50.57182574,192.7371197,1.265572554
DALYs (Disability-Adjusted Life Years),Low-middle SDI,Both,Age-standardized,Cardiovascular diseases,Diet high in sodium,Rate,2019,488.2252094,1148.661698,92.67153717
DALYs (Disability-Adjusted Life Years),Global,Both,Age-standardized,Cardiovascular diseases,Diet high in sodium,Rate,2019,490.6756706,1010.725874,146.2658177
DALYs (Disability-Adjusted Life Years),Low-middle SDI,Both,Age-standardized,Stomach cancer,Diet high in sodium,Rate,1990,27.61069273,112.4656781,0.783296612
DALYs (Disability-Adjusted Life Years),Global,Both,Age-standardized,Chronic kidney disease,Diet high in sodium,Rate,1990,32.19130264,67.65650763,10.17828435
DALYs (Disability-Adjusted Life Years),Low SDI,Both,Age-standardized,Chronic kidney disease,Diet high in sodium,Rate,2019,28.60759589,86.06140567,1.984218376
DALYs (Disability-Adjusted Life Years),Middle SDI,Both,Age-standardized,Cardiovascular diseases,Diet high in sodium,Rate,1990,1082.127788,1935.132136,432.5483304
DALYs (Disability-Adjusted Life Years),Low-middle SDI,Both,Age-standardized,Cardiovascular diseases,Diet high in sodium,Rate,1990,624.3369516,1432.151828,150.0166534
DALYs (Disability-Adjusted Life Years),Low-middle SDI,Both,Age-standardized,Chronic kidney disease,Diet high in sodium,Rate,1990,34.84804844,83.46165202,7.707026506
DALYs (Disability-Adjusted Life Years),Low SDI,Both,Age-standardized,Cardiovascular diseases,Diet high in sodium,Rate,2019,372.3294521,1082.580525,21.72308574
DALYs (Disability-Adjusted Life Years),Middle SDI,Both,Age-standardized,Stomach cancer,Diet high in sodium,Rate,2019,26.59139376,102.1074144,0.684810709
DALYs (Disability-Adjusted Life Years),High-middle SDI,Both,Age-standardized,Chronic kidney disease,Diet high in sodium,Rate,2019,26.1340342,52.43580403,9.067205906
DALYs (Disability-Adjusted Life Years),Middle SDI,Both,Age-standardized,Chronic kidney disease,Diet high in sodium,Rate,1990,49.59766154,95.82720748,17.75463544
DALYs (Disability-Adjusted Life Years),High SDI,Both,Age-standardized,Stomach cancer,Diet high in sodium,Rate,1990,25.62658659,104.0785059,0.764339584
DALYs (Disability-Adjusted Life Years),High SDI,Both,Age-standardized,Cardiovascular diseases,Diet high in sodium,Rate,1990,350.6323133,833.7748435,85.36025241
DALYs (Disability-Adjusted Life Years),Global,Both,Age-standardized,Chronic kidney disease,Diet high in sodium,Rate,2019,31.43310897,71.62590026,7.643139042
DALYs (Disability-Adjusted Life Years),Middle SDI,Both,Age-standardized,Chronic kidney disease,Diet high in sodium,Rate,2019,44.35146932,94.37089533,12.13184014
DALYs (Disability-Adjusted Life Years),Low-middle SDI,Both,Age-standardized,Chronic kidney disease,Diet high in sodium,Rate,2019,35.62704501,87.95867519,5.949166429
DALYs (Disability-Adjusted Life Years),Low SDI,Both,Age-standardized,Stomach cancer,Diet high in sodium,Rate,2019,12.60596491,57.19179188,0.487280844
DALYs (Disability-Adjusted Life Years),High SDI,Both,Age-standardized,Stomach cancer,Diet high in sodium,Rate,2019,10.77615874,43.91634483,0.319755013
DALYs (Disability-Adjusted Life Years),High-middle SDI,Both,Age-standardized,Stomach cancer,Diet high in sodium,Rate,1990,49.07846497,194.7812314,1.399971291
DALYs (Disability-Adjusted Life Years),High SDI,Both,Age-standardized,Cardiovascular diseases,Diet high in sodium,Rate,2019,162.7047555,414.0722969,26.29240902
DALYs (Disability-Adjusted Life Years),High-middle SDI,Both,Age-standardized,Cardiovascular diseases,Diet high in sodium,Rate,1990,945.7691749,1773.293536,362.0314411
DALYs (Disability-Adjusted Life Years),Middle SDI,Both,Age-standardized,Cardiovascular diseases,Diet high in sodium,Rate,2019,681.0476634,1298.720499,231.0813243
DALYs (Disability-Adjusted Life Years),High SDI,Both,Age-standardized,Chronic kidney disease,Diet high in sodium,Rate,1990,15.11033359,35.35799763,3.822310581
DALYs (Disability-Adjusted Life Years),Low SDI,Both,Age-standardized,Stomach cancer,Diet high in sodium,Rate,1990,18.42120128,82.77336583,0.67476842
DALYs (Disability-Adjusted Life Years),High SDI,Both,Age-standardized,Chronic kidney disease,Diet high in sodium,Rate,2019,15.0212778,40.0773852,2.065280787
DALYs (Disability-Adjusted Life Years),Low SDI,Both,Age-standardized,Cardiovascular diseases,Diet high in sodium,Rate,1990,507.0006633,1417.637503,37.88539789
DALYs (Disability-Adjusted Life Years),High-middle SDI,Both,Age-standardized,Stomach cancer,Diet high in sodium,Rate,2019,25.05092575,96.75921649,0.682009847
Deaths,Low SDI,Both,All ages,Chronic kidney disease,Diet high in sodium,Number,1990,2864.730529,8404.829651,246.7053163
Deaths,Low SDI,Both,All ages,Chronic kidney disease,Diet high in sodium,Percent,1990,0.046211273,0.134114665,0.00398778
Deaths,Low-middle SDI,Both,All ages,Stomach cancer,Diet high in sodium,Number,2019,10462.5664,42817.22306,305.6295919
Deaths,Low-middle SDI,Both,All ages,Stomach cancer,Diet high in sodium,Percent,2019,0.073627973,0.301764286,0.002219255
Deaths,High-middle SDI,Both,All ages,Chronic kidney disease,Diet high in sodium,Number,2019,18584.59711,40388.38972,5327.793724
Deaths,High-middle SDI,Both,All ages,Chronic kidney disease,Diet high in sodium,Percent,2019,0.081440579,0.173798358,0.023689255
Deaths,Global,Both,All ages,Stomach cancer,Diet high in sodium,Number,1990,60961.34353,242439.9586,1739.21595
Deaths,Global,Both,All ages,Stomach cancer,Diet high in sodium,Percent,1990,0.077280994,0.307102106,0.002242082
Deaths,Middle SDI,Both,All ages,Chronic kidney disease,Diet high in sodium,Number,2019,39748.70828,88705.39815,9791.493182
Deaths,Middle SDI,Both,All ages,Chronic kidney disease,Diet high in sodium,Percent,2019,0.07848736,0.172264166,0.019172812
Deaths,Middle SDI,Both,All ages,Cardiovascular diseases,Diet high in sodium,Number,1990,429957.4422,780771.4115,165747.3588
Deaths,Middle SDI,Both,All ages,Cardiovascular diseases,Diet high in sodium,Percent,1990,0.142774353,0.258518362,0.055890496
Deaths,High-middle SDI,Both,All ages,Cardiovascular diseases,Diet high in sodium,Number,1990,422233.2468,824936.1081,151247.2783
Deaths,High-middle SDI,Both,All ages,Cardiovascular diseases,Diet high in sodium,Percent,1990,0.110270848,0.214616912,0.039671437
Deaths,Global,Both,All ages,Cardiovascular diseases,Diet high in sodium,Number,1990,1215850.673,2505379.891,397663.1906
Deaths,Global,Both,All ages,Cardiovascular diseases,Diet high in sodium,Percent,1990,0.100709178,0.205820951,0.033045929
Deaths,Low-middle SDI,Both,All ages,Stomach cancer,Diet high in sodium,Number,1990,6338.281835,25884.33268,180.8210125
Deaths,Low-middle SDI,Both,All ages,Stomach cancer,Diet high in sodium,Percent,1990,0.074078703,0.302615451,0.002176846
Deaths,Global,Both,All ages,Chronic kidney disease,Diet high in sodium,Number,1990,43525.93821,93828.25687,12639.17657
Deaths,Global,Both,All ages,Chronic kidney disease,Diet high in sodium,Percent,1990,0.072430441,0.15499537,0.021441368
Deaths,High-middle SDI,Both,All ages,Chronic kidney disease,Diet high in sodium,Number,1990,9985.062571,19837.5803,3559.030033
Deaths,High-middle SDI,Both,All ages,Chronic kidney disease,Diet high in sodium,Percent,1990,0.085868128,0.170741691,0.030822352
Deaths,Middle SDI,Both,All ages,Chronic kidney disease,Diet high in sodium,Number,1990,17074.09184,33437.59613,5720.117332
Deaths,Middle SDI,Both,All ages,Chronic kidney disease,Diet high in sodium,Percent,1990,0.086893129,0.171335765,0.029475304
Deaths,Global,Both,All ages,Cardiovascular diseases,Diet high in sodium,Number,2019,1715381.134,3713240.365,454452.6211
Deaths,Global,Both,All ages,Cardiovascular diseases,Diet high in sodium,Percent,2019,0.092347969,0.1983448,0.024505829
Deaths,High-middle SDI,Both,All ages,Stomach cancer,Diet high in sodium,Number,1990,21042.61147,84021.95553,612.746224
Deaths,High-middle SDI,Both,All ages,Stomach cancer,Diet high in sodium,Percent,1990,0.076113419,0.30376414,0.00225331
Deaths,Global,Both,All ages,Chronic kidney disease,Diet high in sodium,Number,2019,95876.08103,230306.8905,19975.38816
Deaths,Global,Both,All ages,Chronic kidney disease,Diet high in sodium,Percent,2019,0.067139465,0.159214942,0.01434274
Deaths,Low-middle SDI,Both,All ages,Cardiovascular diseases,Diet high in sodium,Number,2019,265232.7115,637910.5691,47539.63305
Deaths,Low-middle SDI,Both,All ages,Cardiovascular diseases,Diet high in sodium,Percent,2019,0.077930043,0.188279624,0.01388447
Deaths,Low-middle SDI,Both,All ages,Cardiovascular diseases,Diet high in sodium,Number,1990,141985.3152,328412.7283,32870.28487
Deaths,Low-middle SDI,Both,All ages,Cardiovascular diseases,Diet high in sodium,Percent,1990,0.083742527,0.192324936,0.019492836
Deaths,High SDI,Both,All ages,Stomach cancer,Diet high in sodium,Number,1990,11224.26438,46258.56569,346.394877
Deaths,High SDI,Both,All ages,Stomach cancer,Diet high in sodium,Percent,1990,0.072538046,0.299502657,0.002241835
Deaths,Low-middle SDI,Both,All ages,Chronic kidney disease,Diet high in sodium,Number,2019,17211.00678,43223.76557,2619.206857
Deaths,Low-middle SDI,Both,All ages,Chronic kidney disease,Diet high in sodium,Percent,2019,0.05862894,0.148015455,0.009117234
Deaths,Low-middle SDI,Both,All ages,Chronic kidney disease,Diet high in sodium,Number,1990,7042.780125,16936.12566,1495.8585
Deaths,Low-middle SDI,Both,All ages,Chronic kidney disease,Diet high in sodium,Percent,1990,0.05576794,0.134845238,0.011862245
Deaths,Low SDI,Both,All ages,Chronic kidney disease,Diet high in sodium,Number,2019,5570.408586,16711.04728,372.1070348
Deaths,Low SDI,Both,All ages,Chronic kidney disease,Diet high in sodium,Percent,2019,0.044546315,0.132220784,0.002992641
Deaths,High SDI,Both,All ages,Stomach cancer,Diet high in sodium,Number,2019,10608.26644,43760.74845,309.337185
Deaths,High SDI,Both,All ages,Stomach cancer,Diet high in sodium,Percent,2019,0.073109245,0.303393929,0.002210324
Deaths,Middle SDI,Both,All ages,Cardiovascular diseases,Diet high in sodium,Number,2019,700520.7232,1379816.538,215249.4232
Deaths,Middle SDI,Both,All ages,Cardiovascular diseases,Diet high in sodium,Percent,2019,0.117931365,0.231808841,0.036804113
Deaths,High SDI,Both,All ages,Chronic kidney disease,Diet high in sodium,Number,2019,14716.16225,41022.90685,1742.863722
Deaths,High SDI,Both,All ages,Chronic kidney disease,Diet high in sodium,Percent,2019,0.053739622,0.146361525,0.006356961
Deaths,High SDI,Both,All ages,Cardiovascular diseases,Diet high in sodium,Number,1990,175388.7118,440754.4993,37528.52782
Deaths,High SDI,Both,All ages,Cardiovascular diseases,Diet high in sodium,Percent,1990,0.06149618,0.153652267,0.01396902
Deaths,Middle SDI,Both,All ages,Stomach cancer,Diet high in sodium,Number,2019,28341.88674,109188.4545,741.6494377
Deaths,Middle SDI,Both,All ages,Stomach cancer,Diet high in sodium,Percent,2019,0.082101159,0.316515247,0.002241018
Deaths,High SDI,Both,All ages,Cardiovascular diseases,Diet high in sodium,Number,2019,156026.2733,418891.8718,22989.47682
Deaths,High SDI,Both,All ages,Cardiovascular diseases,Diet high in sodium,Percent,2019,0.055363061,0.146691402,0.008332145
Deaths,Low SDI,Both,All ages,Stomach cancer,Diet high in sodium,Number,1990,1685.152582,7573.601799,61.74672191
Deaths,Low SDI,Both,All ages,Stomach cancer,Diet high in sodium,Percent,1990,0.06204801,0.276151721,0.002329904
Deaths,Low SDI,Both,All ages,Stomach cancer,Diet high in sodium,Number,2019,2614.393895,11889.10623,100.4594481
Deaths,Low SDI,Both,All ages,Stomach cancer,Diet high in sodium,Percent,2019,0.059691512,0.271398248,0.002376499
Deaths,Low SDI,Both,All ages,Cardiovascular diseases,Diet high in sodium,Number,1990,45886.02999,127316.4945,3510.894967
Deaths,Low SDI,Both,All ages,Cardiovascular diseases,Diet high in sodium,Percent,1990,0.067554551,0.186380281,0.005118698
Deaths,Low SDI,Both,All ages,Cardiovascular diseases,Diet high in sodium,Number,2019,76514.61709,224760.191,4476.237625
Deaths,Low SDI,Both,All ages,Cardiovascular diseases,Diet high in sodium,Percent,2019,0.061299282,0.178188521,0.003643965
Deaths,High SDI,Both,All ages,Chronic kidney disease,Diet high in sodium,Number,1990,6539.00227,15773.69771,1462.407872
Deaths,High SDI,Both,All ages,Chronic kidney disease,Diet high in sodium,Percent,1990,0.065742713,0.156490545,0.014622455
Deaths,Global,Both,All ages,Stomach cancer,Diet high in sodium,Number,2019,74098.65412,294837.2358,2117.220579
Deaths,Global,Both,All ages,Stomach cancer,Diet high in sodium,Percent,2019,0.077378747,0.308929562,0.00226292
Deaths,High-middle SDI,Both,All ages,Stomach cancer,Diet high in sodium,Number,2019,22050.45437,86202.35744,624.1762802
Deaths,High-middle SDI,Both,All ages,Stomach cancer,Diet high in sodium,Percent,2019,0.078453631,0.309460231,0.002258203
Deaths,Middle SDI,Both,All ages,Stomach cancer,Diet high in sodium,Number,1990,20655.12411,78619.54389,519.7638894
Deaths,Middle SDI,Both,All ages,Stomach cancer,Diet high in sodium,Percent,1990,0.084425859,0.319996193,0.002193088
Deaths,High-middle SDI,Both,All ages,Cardiovascular diseases,Diet high in sodium,Number,2019,516466.7137,1047653.172,159264.0323
Deaths,High-middle SDI,Both,All ages,Cardiovascular diseases,Diet high in sodium,Percent,2019,0.100181426,0.201924934,0.031332885
DALYs (Disability-Adjusted Life Years),Global,Both,All ages,Stomach cancer,Diet high in sodium,Number,1990,1598735.69,6299148.273,44382.74517
DALYs (Disability-Adjusted Life Years),Low SDI,Both,All ages,Chronic kidney disease,Diet high in sodium,Number,1990,77147.53247,227811.5351,6631.244105
DALYs (Disability-Adjusted Life Years),Low SDI,Both,All ages,Chronic kidney disease,Diet high in sodium,Percent,1990,0.031517645,0.092426351,0.002700963
DALYs (Disability-Adjusted Life Years),Global,Both,All ages,Cardiovascular diseases,Diet high in sodium,Number,1990,30468479.33,59419298,10829442.92
DALYs (Disability-Adjusted Life Years),Global,Both,All ages,Cardiovascular diseases,Diet high in sodium,Percent,1990,0.108860099,0.210882864,0.03828292
DALYs (Disability-Adjusted Life Years),High-middle SDI,Both,All ages,Chronic kidney disease,Diet high in sodium,Number,1990,311130.8835,595960.7095,124705.1127
DALYs (Disability-Adjusted Life Years),High-middle SDI,Both,All ages,Chronic kidney disease,Diet high in sodium,Percent,1990,0.079966579,0.153421878,0.031642801
DALYs (Disability-Adjusted Life Years),Global,Both,All ages,Stomach cancer,Diet high in sodium,Percent,1990,0.078102308,0.307638968,0.002214093
DALYs (Disability-Adjusted Life Years),High-middle SDI,Both,All ages,Cardiovascular diseases,Diet high in sodium,Number,2019,11519050.08,21797369.38,4157306.698
DALYs (Disability-Adjusted Life Years),High-middle SDI,Both,All ages,Cardiovascular diseases,Diet high in sodium,Percent,2019,0.118590064,0.224082657,0.042546063
DALYs (Disability-Adjusted Life Years),Low-middle SDI,Both,All ages,Stomach cancer,Diet high in sodium,Number,2019,280424.6503,1137545.516,8018.740159
DALYs (Disability-Adjusted Life Years),Low-middle SDI,Both,All ages,Stomach cancer,Diet high in sodium,Percent,2019,0.074263609,0.301369003,0.002191133
DALYs (Disability-Adjusted Life Years),Global,Both,All ages,Stomach cancer,Diet high in sodium,Number,2019,1735810.693,6804671.032,48674.79404
DALYs (Disability-Adjusted Life Years),Global,Both,All ages,Stomach cancer,Diet high in sodium,Percent,2019,0.078101466,0.3093285,0.002241653
DALYs (Disability-Adjusted Life Years),Middle SDI,Both,All ages,Stomach cancer,Diet high in sodium,Number,1990,564309.3042,2151787.539,13913.93836
DALYs (Disability-Adjusted Life Years),Middle SDI,Both,All ages,Stomach cancer,Diet high in sodium,Percent,1990,0.08428954,0.319116352,0.002162553
DALYs (Disability-Adjusted Life Years),Low-middle SDI,Both,All ages,Cardiovascular diseases,Diet high in sodium,Number,1990,3957714.507,8848808.276,1005024.548
DALYs (Disability-Adjusted Life Years),Low-middle SDI,Both,All ages,Cardiovascular diseases,Diet high in sodium,Percent,1990,0.083668342,0.187081658,0.021016104
DALYs (Disability-Adjusted Life Years),Global,Both,All ages,Cardiovascular diseases,Diet high in sodium,Number,2019,40540674.51,83022361.27,12262912.95
DALYs (Disability-Adjusted Life Years),Global,Both,All ages,Cardiovascular diseases,Diet high in sodium,Percent,2019,0.103080768,0.211201966,0.03113902
DALYs (Disability-Adjusted Life Years),Low-middle SDI,Both,All ages,Stomach cancer,Diet high in sodium,Number,1990,185247.9893,751627.3671,5180.185361
DALYs (Disability-Adjusted Life Years),Low-middle SDI,Both,All ages,Stomach cancer,Diet high in sodium,Percent,1990,0.073994372,0.300538369,0.002132003
DALYs (Disability-Adjusted Life Years),Global,Both,All ages,Chronic kidney disease,Diet high in sodium,Number,1990,1318805.675,2753297.759,429236.8951
DALYs (Disability-Adjusted Life Years),Global,Both,All ages,Chronic kidney disease,Diet high in sodium,Percent,1990,0.061386872,0.126730109,0.020080107
DALYs (Disability-Adjusted Life Years),Low SDI,Both,All ages,Cardiovascular diseases,Diet high in sodium,Number,2019,1963468.525,5810820.178,116348.922
DALYs (Disability-Adjusted Life Years),Low SDI,Both,All ages,Cardiovascular diseases,Diet high in sodium,Percent,2019,0.057331452,0.167641244,0.003442495
DALYs (Disability-Adjusted Life Years),Low SDI,Both,All ages,Chronic kidney disease,Diet high in sodium,Number,2019,148993.0727,453741.2676,11166.98599
DALYs (Disability-Adjusted Life Years),Low SDI,Both,All ages,Chronic kidney disease,Diet high in sodium,Percent,2019,0.031549293,0.095660915,0.002352593
DALYs (Disability-Adjusted Life Years),Middle SDI,Both,All ages,Cardiovascular diseases,Diet high in sodium,Number,1990,11536408.59,20090109.85,4836850.32
DALYs (Disability-Adjusted Life Years),Middle SDI,Both,All ages,Cardiovascular diseases,Diet high in sodium,Percent,1990,0.147423975,0.256671115,0.06197227
DALYs (Disability-Adjusted Life Years),Low-middle SDI,Both,All ages,Chronic kidney disease,Diet high in sodium,Number,1990,225433.0592,530601.1174,52680.43207
DALYs (Disability-Adjusted Life Years),Low-middle SDI,Both,All ages,Chronic kidney disease,Diet high in sodium,Percent,1990,0.044747515,0.104907216,0.010523597
DALYs (Disability-Adjusted Life Years),Middle SDI,Both,All ages,Stomach cancer,Diet high in sodium,Number,2019,683564.0619,2619422.805,17430.49194
DALYs (Disability-Adjusted Life Years),Middle SDI,Both,All ages,Stomach cancer,Diet high in sodium,Percent,2019,0.082647949,0.317305466,0.00221736
DALYs (Disability-Adjusted Life Years),High SDI,Both,All ages,Cardiovascular diseases,Diet high in sodium,Number,1990,3606965.425,8624372.651,873632.6787
DALYs (Disability-Adjusted Life Years),High SDI,Both,All ages,Cardiovascular diseases,Diet high in sodium,Percent,1990,0.068628245,0.164569012,0.016793387
DALYs (Disability-Adjusted Life Years),High-middle SDI,Both,All ages,Cardiovascular diseases,Diet high in sodium,Number,1990,10119363.07,18648503.56,3949847.175
DALYs (Disability-Adjusted Life Years),High-middle SDI,Both,All ages,Cardiovascular diseases,Diet high in sodium,Percent,1990,0.123878984,0.229206669,0.049075153
DALYs (Disability-Adjusted Life Years),High-middle SDI,Both,All ages,Chronic kidney disease,Diet high in sodium,Number,2019,526140.137,1052203.474,181199.6289
DALYs (Disability-Adjusted Life Years),High-middle SDI,Both,All ages,Chronic kidney disease,Diet high in sodium,Percent,2019,0.086890123,0.172360327,0.029713222
DALYs (Disability-Adjusted Life Years),Middle SDI,Both,All ages,Chronic kidney disease,Diet high in sodium,Number,1990,548326.3447,1047849.48,207857.4306
DALYs (Disability-Adjusted Life Years),Middle SDI,Both,All ages,Chronic kidney disease,Diet high in sodium,Percent,1990,0.072641057,0.138245707,0.027846175
DALYs (Disability-Adjusted Life Years),Low-middle SDI,Both,All ages,Cardiovascular diseases,Diet high in sodium,Number,2019,6891846.794,16079974.78,1341680.762
DALYs (Disability-Adjusted Life Years),Low-middle SDI,Both,All ages,Cardiovascular diseases,Diet high in sodium,Percent,2019,0.082512443,0.192196281,0.016112129
DALYs (Disability-Adjusted Life Years),High SDI,Both,All ages,Stomach cancer,Diet high in sodium,Number,1990,257791.9822,1049735.976,7725.972984
DALYs (Disability-Adjusted Life Years),High SDI,Both,All ages,Stomach cancer,Diet high in sodium,Percent,1990,0.074419292,0.302658595,0.002236086
DALYs (Disability-Adjusted Life Years),Global,Both,All ages,Chronic kidney disease,Diet high in sodium,Number,2019,2590152.427,5865231.5,636970.0536
DALYs (Disability-Adjusted Life Years),Global,Both,All ages,Chronic kidney disease,Diet high in sodium,Percent,2019,0.062352092,0.141671225,0.015477113
DALYs (Disability-Adjusted Life Years),Middle SDI,Both,All ages,Chronic kidney disease,Diet high in sodium,Number,2019,1125208.959,2370315.748,319449.0944
DALYs (Disability-Adjusted Life Years),Middle SDI,Both,All ages,Chronic kidney disease,Diet high in sodium,Percent,2019,0.072865757,0.153709553,0.020507656
DALYs (Disability-Adjusted Life Years),Low-middle SDI,Both,All ages,Chronic kidney disease,Diet high in sodium,Number,2019,505320.3141,1240806.992,87778.0416
DALYs (Disability-Adjusted Life Years),Low-middle SDI,Both,All ages,Chronic kidney disease,Diet high in sodium,Percent,2019,0.050985255,0.125120385,0.00881553
DALYs (Disability-Adjusted Life Years),Low SDI,Both,All ages,Stomach cancer,Diet high in sodium,Number,2019,71837.4011,326298.1119,2804.724095
DALYs (Disability-Adjusted Life Years),Low SDI,Both,All ages,Stomach cancer,Diet high in sodium,Percent,2019,0.058393401,0.267799321,0.002329065
DALYs (Disability-Adjusted Life Years),High SDI,Both,All ages,Stomach cancer,Diet high in sodium,Number,2019,191140.3131,782964.5376,5657.745526
DALYs (Disability-Adjusted Life Years),High SDI,Both,All ages,Stomach cancer,Diet high in sodium,Percent,2019,0.073972392,0.305046604,0.002216456
DALYs (Disability-Adjusted Life Years),High-middle SDI,Both,All ages,Stomach cancer,Diet high in sodium,Number,1990,542421.1078,2150623.575,15361.76256
DALYs (Disability-Adjusted Life Years),High-middle SDI,Both,All ages,Stomach cancer,Diet high in sodium,Percent,1990,0.077360923,0.306381636,0.002219103
DALYs (Disability-Adjusted Life Years),Middle SDI,Both,All ages,Cardiovascular diseases,Diet high in sodium,Number,2019,17227013.08,32177544.78,6108453.893
DALYs (Disability-Adjusted Life Years),Middle SDI,Both,All ages,Cardiovascular diseases,Diet high in sodium,Percent,2019,0.131028894,0.242851693,0.046816545
DALYs (Disability-Adjusted Life Years),High SDI,Both,All ages,Cardiovascular diseases,Diet high in sodium,Number,2019,2925022.914,7537696.998,461658.4028
DALYs (Disability-Adjusted Life Years),High SDI,Both,All ages,Cardiovascular diseases,Diet high in sodium,Percent,2019,0.062669294,0.160747878,0.010047292
DALYs (Disability-Adjusted Life Years),High SDI,Both,All ages,Chronic kidney disease,Diet high in sodium,Number,1990,156231.3922,366140.8923,38926.96819
DALYs (Disability-Adjusted Life Years),High SDI,Both,All ages,Chronic kidney disease,Diet high in sodium,Percent,1990,0.061524657,0.143379979,0.015278349
DALYs (Disability-Adjusted Life Years),Low SDI,Both,All ages,Stomach cancer,Diet high in sodium,Number,1990,48580.95699,217419.9079,1754.570817
DALYs (Disability-Adjusted Life Years),Low SDI,Both,All ages,Stomach cancer,Diet high in sodium,Percent,1990,0.06153203,0.273475798,0.002289421
DALYs (Disability-Adjusted Life Years),High SDI,Both,All ages,Chronic kidney disease,Diet high in sodium,Number,2019,283356.1682,759323.2667,36917.48388
DALYs (Disability-Adjusted Life Years),High SDI,Both,All ages,Chronic kidney disease,Diet high in sodium,Percent,2019,0.052693514,0.142060321,0.006824034
DALYs (Disability-Adjusted Life Years),Low SDI,Both,All ages,Cardiovascular diseases,Diet high in sodium,Number,1990,1238617.3,3513423.563,89298.43913
DALYs (Disability-Adjusted Life Years),Low SDI,Both,All ages,Cardiovascular diseases,Diet high in sodium,Percent,1990,0.062069749,0.174255499,0.004435158
DALYs (Disability-Adjusted Life Years),High-middle SDI,Both,All ages,Stomach cancer,Diet high in sodium,Number,2019,508341.3275,1963947.29,13826.3692
DALYs (Disability-Adjusted Life Years),High-middle SDI,Both,All ages,Stomach cancer,Diet high in sodium,Percent,2019,0.079990967,0.312492497,0.0022304
