﻿Variable,Variable Label,Variable Definition
measure_id,Measure ID,A unique numeric identifier for the measure generated and stored in an IHME database of data dimensions.
measure_name,Measure Name,The measure (indicator) for the estimate.
location_set,Location Set,A short name indicating to which location hierarchy the row’s location belongs. This is only relevant for non-GBD location aggregates; all countries are marked as GBD locations.
location_id,Location ID,A unique numeric identifier for the location generated and stored in an IHME database of data dimensions.
location_name,Location Name,The location for the estimate.
sex_id,Sex ID,A unique numeric identifier for the sex generated and stored in an IHME database of data dimensions.
sex_name,Sex Name,The gender for the estimate.
age_group_id,Age Group Name,A unique numeric identifier for the age group generated and stored in an IHME database of data dimensions.
age_group_name,Age Group Name,The age group for the estimate.
year_id,Year ID,The time period for the estimate.
metric_id,Metric ID,A unique numeric identifier for the metric.
metric_name,Metric Name,The metric for the estimate.
unit,Unit,The unit of measure for the estimate.
val,Value,Mean estimate.
upper,95% Uncertainty Interval (Upper Bound),97.5% percentile estimate
lower,95% Uncertainty Interval (Lower Bound),2.5% percentile estimate.
